Borough,Bedroom Category,Count of rents,Mean,Lower quartile,Median,Upper quartile
Barking and Dagenham,Room, 10 , 646 , .. , 726 , .. 
Barking and Dagenham,Studio, - , .. , .. , .. , .. 
Barking and Dagenham,One Bedroom, 200 ," 1,341 "," 1,250 "," 1,350 "," 1,480 "
Barking and Dagenham,Two Bedrooms, 390 ," 1,660 "," 1,500 "," 1,700 "," 1,836 "
Barking and Dagenham,Three Bedrooms, 190 ," 1,954 "," 1,750 "," 1,965 "," 2,100 "
Barking and Dagenham,Four or More Bedrooms, 20 ," 2,409 "," 2,300 "," 2,400 "," 2,500 "
Barnet,Room, 10 , 747 , 701 , 726 , 796 
Barnet,Studio, 110 ," 1,105 "," 1,000 "," 1,100 "," 1,200 "
Barnet,One Bedroom, 670 ," 1,472 "," 1,300 "," 1,450 "," 1,600 "
Barnet,Two Bedrooms," 1,150 "," 1,802 "," 1,600 "," 1,750 "," 1,975 "
Barnet,Three Bedrooms, 430 ," 2,448 "," 2,100 "," 2,400 "," 2,700 "
Barnet,Four or More Bedrooms, 160 ," 3,398 "," 2,800 "," 3,150 "," 3,775 "
Bexley,Room, 20 , 833 , 738 , 800 ," 1,000 "
Bexley,Studio, 10 ," 1,081 ", .. ," 1,000 ", .. 
Bexley,One Bedroom, 180 ," 1,248 "," 1,100 "," 1,250 "," 1,375 "
Bexley,Two Bedrooms, 300 ," 1,554 "," 1,400 "," 1,600 "," 1,700 "
Bexley,Three Bedrooms, 220 ," 1,924 "," 1,750 "," 1,950 "," 2,100 "
Bexley,Four or More Bedrooms, 50 ," 2,315 "," 2,050 "," 2,300 "," 2,600 "
Brent,Room, 80 , 796 , 708 , 776 , 878 
Brent,Studio, 110 ," 1,152 "," 1,000 "," 1,160 "," 1,280 "
Brent,One Bedroom, 440 ," 1,646 "," 1,450 "," 1,650 "," 1,850 "
Brent,Two Bedrooms, 660 ," 2,036 "," 1,800 "," 2,000 "," 2,250 "
Brent,Three Bedrooms, 290 ," 2,480 "," 2,100 "," 2,400 "," 2,700 "
Brent,Four or More Bedrooms, 120 ," 3,601 "," 2,515 "," 3,200 "," 4,213 "
Bromley,Room, 20 , 706 , 676 , 718 , 801 
Bromley,Studio, 40 , 993 , 925 , 995 ," 1,050 "
Bromley,One Bedroom, 790 ," 1,292 "," 1,181 "," 1,300 "," 1,400 "
Bromley,Two Bedrooms," 1,130 "," 1,620 "," 1,450 "," 1,600 "," 1,750 "
Bromley,Three Bedrooms, 480 ," 2,021 "," 1,750 "," 2,000 "," 2,246 "
Bromley,Four or More Bedrooms, 190 ," 2,750 "," 2,200 "," 2,500 "," 3,000 "
Camden,Room, 30 , 882 , 826 , 875 , 930 
Camden,Studio, 60 ," 1,520 "," 1,350 "," 1,450 "," 1,750 "
Camden,One Bedroom, 300 ," 2,113 "," 1,800 "," 2,000 "," 2,350 "
Camden,Two Bedrooms, 310 ," 2,747 "," 2,250 "," 2,600 "," 3,100 "
Camden,Three Bedrooms, 130 ," 3,684 "," 3,025 "," 3,500 "," 4,000 "
Camden,Four or More Bedrooms, 40 ," 4,815 "," 3,590 "," 4,090 "," 5,079 "
City of London,Room, - , .. , .. , .. , .. 
City of London,Studio, 10 ," 2,388 ", .. ," 2,300 ", .. 
City of London,One Bedroom, 70 ," 2,395 "," 2,100 "," 2,300 "," 2,675 "
City of London,Two Bedrooms, 50 ," 3,072 "," 2,843 "," 3,075 "," 3,263 "
City of London,Three Bedrooms, 10 ," 4,378 ", .. ," 4,575 ", .. 
City of London,Four or More Bedrooms, - , .. , .. , .. , .. 
Croydon,Room, 20 , 719 , 650 , 732 , 805 
Croydon,Studio, 50 ," 1,019 ", 938 ," 1,025 "," 1,100 "
Croydon,One Bedroom, 540 ," 1,226 "," 1,100 "," 1,250 "," 1,315 "
Croydon,Two Bedrooms, 810 ," 1,542 "," 1,400 "," 1,550 "," 1,650 "
Croydon,Three Bedrooms, 350 ," 1,932 "," 1,700 "," 1,950 "," 2,150 "
Croydon,Four or More Bedrooms, 110 ," 2,511 "," 2,200 "," 2,475 "," 2,700 "
Ealing,Room, 160 , 872 , 726 , 826 , 957 
Ealing,Studio, 70 ," 1,300 "," 1,138 "," 1,345 "," 1,450 "
Ealing,One Bedroom, 660 ," 1,571 "," 1,400 "," 1,550 "," 1,700 "
Ealing,Two Bedrooms, 870 ," 1,958 "," 1,744 "," 1,900 "," 2,150 "
Ealing,Three Bedrooms, 240 ," 2,551 "," 2,200 "," 2,445 "," 2,752 "
Ealing,Four or More Bedrooms, 110 ," 3,310 "," 2,550 "," 2,900 "," 3,750 "
Enfield,Room, 30 , 736 , 676 , 738 , 801 
Enfield,Studio, 30 ," 1,107 "," 1,000 "," 1,100 "," 1,250 "
Enfield,One Bedroom, 240 ," 1,332 "," 1,250 "," 1,350 "," 1,424 "
Enfield,Two Bedrooms, 400 ," 1,649 "," 1,495 "," 1,650 "," 1,750 "
Enfield,Three Bedrooms, 260 ," 2,103 "," 1,800 "," 2,050 "," 2,300 "
Enfield,Four or More Bedrooms, 80 ," 3,127 "," 2,500 "," 2,900 "," 3,400 "
Greenwich,Room, 70 , 800 , 663 , 770 , 900 
Greenwich,Studio, 40 ," 1,139 "," 1,000 "," 1,150 "," 1,300 "
Greenwich,One Bedroom, 660 ," 1,553 "," 1,350 "," 1,525 "," 1,750 "
Greenwich,Two Bedrooms," 1,000 "," 1,903 "," 1,600 "," 1,850 "," 2,100 "
Greenwich,Three Bedrooms, 420 ," 2,210 "," 1,850 "," 2,100 "," 2,500 "
Greenwich,Four or More Bedrooms, 120 ," 2,931 "," 2,303 "," 2,750 "," 3,300 "
Hackney,Room, 30 , 992 , 855 , 976 ," 1,056 "
Hackney,Studio, 40 ," 1,396 "," 1,258 "," 1,280 "," 1,519 "
Hackney,One Bedroom, 320 ," 2,048 "," 1,743 "," 2,000 "," 2,225 "
Hackney,Two Bedrooms, 390 ," 2,525 "," 2,110 "," 2,500 "," 2,775 "
Hackney,Three Bedrooms, 170 ," 3,190 "," 2,700 "," 3,200 "," 3,500 "
Hackney,Four or More Bedrooms, 50 ," 4,204 "," 3,450 "," 3,950 "," 4,870 "
Hammersmith and Fulham,Room, 30 ," 1,030 ", 918 ," 1,026 "," 1,147 "
Hammersmith and Fulham,Studio, 60 ," 1,530 "," 1,355 "," 1,500 "," 1,659 "
Hammersmith and Fulham,One Bedroom, 390 ," 1,937 "," 1,700 "," 1,850 "," 2,143 "
Hammersmith and Fulham,Two Bedrooms, 630 ," 2,440 "," 2,050 "," 2,250 "," 2,700 "
Hammersmith and Fulham,Three Bedrooms, 170 ," 3,396 "," 2,831 "," 3,300 "," 3,750 "
Hammersmith and Fulham,Four or More Bedrooms, 90 ," 5,042 "," 4,100 "," 4,600 "," 5,538 "
Haringey,Room, 10 , 754 , .. , 686 , .. 
Haringey,Studio, 30 ," 1,131 "," 1,000 "," 1,067 "," 1,200 "
Haringey,One Bedroom, 230 ," 1,651 "," 1,500 "," 1,625 "," 1,800 "
Haringey,Two Bedrooms, 350 ," 2,042 "," 1,763 "," 1,993 "," 2,250 "
Haringey,Three Bedrooms, 130 ," 2,619 "," 2,200 "," 2,500 "," 2,991 "
Haringey,Four or More Bedrooms, 100 ," 3,647 "," 2,975 "," 3,350 "," 4,173 "
Harrow,Room, 30 , 804 , 726 , 826 , 876 
Harrow,Studio, 60 ," 1,147 ", 969 ," 1,088 "," 1,381 "
Harrow,One Bedroom, 290 ," 1,406 "," 1,300 "," 1,400 "," 1,500 "
Harrow,Two Bedrooms, 580 ," 1,731 "," 1,600 "," 1,700 "," 1,850 "
Harrow,Three Bedrooms, 330 ," 2,202 "," 1,926 "," 2,150 "," 2,400 "
Harrow,Four or More Bedrooms, 160 ," 2,937 "," 2,600 "," 2,800 "," 3,100 "
Havering,Room, 10 , 797 , .. , 801 , .. 
Havering,Studio, 10 , 968 , 888 , 973 ," 1,013 "
Havering,One Bedroom, 260 ," 1,243 "," 1,150 "," 1,250 "," 1,350 "
Havering,Two Bedrooms, 390 ," 1,528 "," 1,400 "," 1,550 "," 1,650 "
Havering,Three Bedrooms, 270 ," 1,861 "," 1,700 "," 1,850 "," 2,000 "
Havering,Four or More Bedrooms, 70 ," 2,388 "," 2,200 "," 2,400 "," 2,550 "
Hillingdon,Room, 30 , 648 , 558 , 650 , 764 
Hillingdon,Studio, 90 ," 1,059 ", 950 ," 1,050 "," 1,150 "
Hillingdon,One Bedroom, 530 ," 1,305 "," 1,200 "," 1,300 "," 1,400 "
Hillingdon,Two Bedrooms, 830 ," 1,624 "," 1,478 "," 1,600 "," 1,750 "
Hillingdon,Three Bedrooms, 430 ," 1,978 "," 1,750 "," 1,969 "," 2,200 "
Hillingdon,Four or More Bedrooms, 150 ," 2,704 "," 2,150 "," 2,500 "," 2,900 "
Hounslow,Room, 70 , 721 , 626 , 700 , 776 
Hounslow,Studio, 30 ," 1,127 ", 975 ," 1,150 "," 1,250 "
Hounslow,One Bedroom, 420 ," 1,509 "," 1,350 "," 1,495 "," 1,700 "
Hounslow,Two Bedrooms, 560 ," 1,900 "," 1,650 "," 1,800 "," 2,050 "
Hounslow,Three Bedrooms, 220 ," 2,385 "," 2,046 "," 2,250 "," 2,500 "
Hounslow,Four or More Bedrooms, 90 ," 3,463 "," 2,654 "," 3,100 "," 4,000 "
Islington,Room, 20 , 872 , 787 , 895 , 938 
Islington,Studio, 20 ," 1,455 "," 1,296 "," 1,400 "," 1,538 "
Islington,One Bedroom, 470 ," 2,027 "," 1,750 "," 2,000 "," 2,250 "
Islington,Two Bedrooms, 480 ," 2,617 "," 2,200 "," 2,525 "," 3,000 "
Islington,Three Bedrooms, 160 ," 3,222 "," 2,450 "," 3,100 "," 3,688 "
Islington,Four or More Bedrooms, 70 ," 4,682 "," 3,700 "," 4,500 "," 5,275 "
Kensington and Chelsea,Room, 20 ," 1,124 ", 964 ," 1,177 "," 1,235 "
Kensington and Chelsea,Studio, 370 ," 1,653 "," 1,487 "," 1,603 "," 1,800 "
Kensington and Chelsea,One Bedroom, 650 ," 2,609 "," 2,100 "," 2,396 "," 2,925 "
Kensington and Chelsea,Two Bedrooms, 880 ," 3,628 "," 2,900 "," 3,358 "," 4,117 "
Kensington and Chelsea,Three Bedrooms, 280 ," 5,746 "," 4,190 "," 5,688 "," 6,933 "
Kensington and Chelsea,Four or More Bedrooms, 100 ," 8,362 "," 6,500 "," 8,000 "," 10,272 "
Kingston upon Thames,Room, 40 , 797 , 658 , 757 , 928 
Kingston upon Thames,Studio, 10 ," 1,167 "," 1,025 "," 1,075 "," 1,325 "
Kingston upon Thames,One Bedroom, 240 ," 1,425 "," 1,299 "," 1,400 "," 1,500 "
Kingston upon Thames,Two Bedrooms, 350 ," 1,769 "," 1,570 "," 1,750 "," 1,995 "
Kingston upon Thames,Three Bedrooms, 160 ," 2,414 "," 2,000 "," 2,322 "," 2,750 "
Kingston upon Thames,Four or More Bedrooms, 60 ," 3,331 "," 2,519 "," 3,000 "," 3,300 "
Lambeth,Room, 10 , 822 , .. , 830 , .. 
Lambeth,Studio, 60 ," 1,470 "," 1,113 "," 1,375 "," 1,894 "
Lambeth,One Bedroom, 540 ," 1,866 "," 1,575 "," 1,800 "," 2,113 "
Lambeth,Two Bedrooms, 750 ," 2,372 "," 1,900 "," 2,205 "," 2,700 "
Lambeth,Three Bedrooms, 320 ," 2,965 "," 2,450 "," 2,850 "," 3,347 "
Lambeth,Four or More Bedrooms, 130 ," 4,047 "," 3,150 "," 3,750 "," 4,600 "
Lewisham,Room, 120 , 816 , 724 , 821 , 894 
Lewisham,Studio, 140 ," 1,164 "," 1,050 "," 1,150 "," 1,300 "
Lewisham,One Bedroom, 900 ," 1,459 "," 1,300 "," 1,450 "," 1,600 "
Lewisham,Two Bedrooms," 1,130 "," 1,784 "," 1,600 "," 1,750 "," 1,950 "
Lewisham,Three Bedrooms, 400 ," 2,263 "," 1,900 "," 2,200 "," 2,575 "
Lewisham,Four or More Bedrooms, 140 ," 2,952 "," 2,500 "," 2,900 "," 3,375 "
Merton,Room, 40 , 829 , 749 , 824 , 923 
Merton,Studio, 10 ," 1,333 "," 1,313 "," 1,388 "," 1,400 "
Merton,One Bedroom, 230 ," 1,551 "," 1,350 "," 1,500 "," 1,700 "
Merton,Two Bedrooms, 560 ," 1,832 "," 1,450 "," 1,750 "," 2,085 "
Merton,Three Bedrooms, 260 ," 2,605 "," 2,100 "," 2,450 "," 3,000 "
Merton,Four or More Bedrooms, 90 ," 3,722 "," 2,750 "," 3,350 "," 4,250 "
Newham,Room, 90 , 701 , 576 , 701 , 808 
Newham,Studio, 70 ," 1,292 "," 1,056 "," 1,380 "," 1,450 "
Newham,One Bedroom, 900 ," 1,611 "," 1,500 "," 1,650 "," 1,750 "
Newham,Two Bedrooms," 1,060 "," 1,944 "," 1,700 "," 1,950 "," 2,200 "
Newham,Three Bedrooms, 480 ," 2,235 "," 1,850 "," 2,200 "," 2,500 "
Newham,Four or More Bedrooms, 100 ," 2,657 "," 2,300 "," 2,525 "," 3,000 "
Redbridge,Room, 20 , 828 , 724 , 876 , 924 
Redbridge,Studio, 20 , 986 , 844 , 998 ," 1,156 "
Redbridge,One Bedroom, 340 ," 1,373 "," 1,250 "," 1,375 "," 1,500 "
Redbridge,Two Bedrooms, 630 ," 1,721 "," 1,500 "," 1,700 "," 1,931 "
Redbridge,Three Bedrooms, 310 ," 2,094 "," 1,850 "," 2,100 "," 2,300 "
Redbridge,Four or More Bedrooms, 110 ," 2,690 "," 2,300 "," 2,600 "," 2,900 "
Richmond upon Thames,Room, 10 , 679 , 626 , 725 , 726 
Richmond upon Thames,Studio, 10 ," 1,239 "," 1,106 "," 1,175 "," 1,396 "
Richmond upon Thames,One Bedroom, 220 ," 1,622 "," 1,400 "," 1,571 "," 1,750 "
Richmond upon Thames,Two Bedrooms, 320 ," 2,229 "," 1,800 "," 2,100 "," 2,500 "
Richmond upon Thames,Three Bedrooms, 140 ," 2,970 "," 2,335 "," 2,700 "," 3,365 "
Richmond upon Thames,Four or More Bedrooms, 80 ," 4,277 "," 3,300 "," 3,850 "," 4,995 "
Southwark,Room, 60 , 883 , 775 , 875 , 996 
Southwark,Studio, 50 ," 1,421 "," 1,250 "," 1,400 "," 1,600 "
Southwark,One Bedroom," 1,040 "," 1,786 "," 1,500 "," 1,725 "," 2,000 "
Southwark,Two Bedrooms," 1,310 "," 2,238 "," 1,850 "," 2,200 "," 2,500 "
Southwark,Three Bedrooms, 400 ," 2,784 "," 2,300 "," 2,700 "," 3,183 "
Southwark,Four or More Bedrooms, 200 ," 3,590 "," 3,200 "," 3,500 "," 4,000 "
Sutton,Room, - , .. , .. , .. , .. 
Sutton,Studio, 40 , 967 , 873 , 931 ," 1,002 "
Sutton,One Bedroom, 440 ," 1,220 "," 1,100 "," 1,250 "," 1,300 "
Sutton,Two Bedrooms, 670 ," 1,532 "," 1,400 "," 1,550 "," 1,666 "
Sutton,Three Bedrooms, 230 ," 1,925 "," 1,700 "," 1,950 "," 2,200 "
Sutton,Four or More Bedrooms, 60 ," 2,520 "," 2,250 "," 2,500 "," 2,813 "
Tower Hamlets,Room, 110 , 858 , 726 , 852 , 938 
Tower Hamlets,Studio, 100 ," 1,794 "," 1,534 "," 1,750 "," 1,950 "
Tower Hamlets,One Bedroom, 740 ," 1,922 "," 1,661 "," 1,850 "," 2,100 "
Tower Hamlets,Two Bedrooms, 860 ," 2,383 "," 2,000 "," 2,300 "," 2,600 "
Tower Hamlets,Three Bedrooms, 300 ," 2,863 "," 2,500 "," 2,750 "," 3,100 "
Tower Hamlets,Four or More Bedrooms, 70 ," 3,733 "," 3,325 "," 3,700 "," 4,000 "
Waltham Forest,Room, 20 , 757 , 684 , 764 , 822 
Waltham Forest,Studio, 30 ," 1,174 "," 1,020 "," 1,188 "," 1,250 "
Waltham Forest,One Bedroom, 420 ," 1,407 "," 1,279 "," 1,400 "," 1,525 "
Waltham Forest,Two Bedrooms, 560 ," 1,728 "," 1,575 "," 1,725 "," 1,895 "
Waltham Forest,Three Bedrooms, 280 ," 2,146 "," 1,900 "," 2,150 "," 2,350 "
Waltham Forest,Four or More Bedrooms, 90 ," 2,608 "," 2,313 "," 2,500 "," 2,838 "
Wandsworth,Room, 90 ," 1,030 ", 785 ," 1,139 "," 1,290 "
Wandsworth,Studio, 40 ," 1,418 "," 1,300 "," 1,350 "," 1,525 "
Wandsworth,One Bedroom, 720 ," 1,824 "," 1,600 "," 1,750 "," 2,000 "
Wandsworth,Two Bedrooms," 1,060 "," 2,310 "," 1,995 "," 2,250 "," 2,550 "
Wandsworth,Three Bedrooms, 500 ," 3,053 "," 2,500 "," 2,900 "," 3,500 "
Wandsworth,Four or More Bedrooms, 240 ," 4,332 "," 3,465 "," 4,125 "," 4,963 "
Westminster,Room, 60 , 986 , 895 ," 1,000 "," 1,053 "
Westminster,Studio, 120 ," 1,695 "," 1,452 "," 1,647 "," 1,903 "
Westminster,One Bedroom, 440 ," 2,608 "," 2,149 "," 2,492 "," 2,855 "
Westminster,Two Bedrooms, 460 ," 3,598 "," 2,716 "," 3,358 "," 4,117 "
Westminster,Three Bedrooms, 160 ," 5,131 "," 3,600 "," 4,658 "," 5,958 "
Westminster,Four or More Bedrooms, 40 ," 8,904 "," 6,586 "," 9,750 "," 10,942 "